<?xml version="1.0" encoding="UTF-8"?>
<beans xmlns="http://www.springframework.org/schema/beans"
	xmlns:xsi="http://www.w3.org/2001/XMLSchema-instance"
	xsi:schemaLocation="
        http://www.springframework.org/schema/beans http://www.springframework.org/schema/beans/spring-beans.xsd">

	<!-- bean definitions here -->
	<bean id="dataSourceObj"
		class="org.springframework.jdbc.datasource.DriverManagerDataSource">
		<property name="driverClassName"
			value="com.mysql.cj.jdbc.Driver"></property>
		<property name="url" value="jdbc:mysql://localhost:3306/demo"></property>
		<property name="username" value="root"></property>
		<property name="password" value=""></property>
	</bean>
	
	
	<bean class="com.daoimpl.StudentDaoImpl" id="stuDaoImpObj">
	<property name="dataSource" ref="dataSourceObj"></property>
	</bean>
	
	<bean class="com.daoimpl.StudentServiceImpl" id="stuSerImp">
	<property name="studentDao" ref="stuDaoImpObj"></property>
	</bean>
	
</beans>